Run,auto_plate_plotter.py,parallel_plate_plotter.py
1,258.8382954597473,155.99448227882385
2,254.7622947692871,155.59408354759216
3,249.2952380180359,158.83735179901123
4,248.95273208618164,157.701153755188
5,249.49035501480103,191.67610788345337
6,260.9602544307709,156.9800968170166
7,275.3145270347595,156.63530683517456
8,266.3913288116455,172.25367665290833
9,274.4558639526367,153.56590938568115
10,275.917279958725,153.0692241191864
