Run,auto_plate_plotter.py,parallel_plate_plotter.py
1,283.185186624527,166.358651638031
2,280.4438364505768,155.18054580688477
3,289.46651434898376,156.05733370780945
4,286.06393694877625,157.59052395820618
5,288.0315418243408,158.44025588035583
6,289.3103792667389,157.67340970039368
7,290.4385507106781,157.7374062538147
8,287.68860840797424,158.72125124931335
9,283.24730587005615,154.9246940612793
10,285.73582005500793,154.7966823577881
