Run,auto_plate_plotter.py,parallel_plate_plotter.py
1,4089.3155479431152,964.4177124500275
2,4002.119045972824,922.2848880290985
3,4064.908399105072,925.8191518783569
4,4130.912921905518,920.4200856685638
5,3964.3881285190582,922.5514588356018
