Run,auto_plate_plotter.py,parallel_plate_plotter.py
1,4038.817971467972,943.0035083293915
2,3979.741268634796,933.6743619441986
3,4071.1677803993225,920.4247221946716
4,4041.669725418091,920.0150089263916
5,4126.310902118683,921.4911737442017
