Run,auto_plate_plotter.py,parallel_plate_plotter.py
1,4440.622554779053,1816.4803004264832
2,4446.398040294647,1807.0694181919098
3,4414.966433048248,1809.6375534534454
4,4423.019032001495,1811.0165886878967
5,4428.032587528229,1818.081205368042
