Run,auto_plate_plotter.py,parallel_plate_plotter.py
1,5398.692692756653,1265.164184808731
2,5954.968927145004,1313.9737946987152
3,5953.970854043961,1314.3072085380554
4,5898.773970127106,1313.997987985611
5,5934.416179418564,1311.3597435951233
